{
"1": [
[
-7.819591791044776,
-1.8250932835820897,
-2.139619776119403,
-5.279654850746269
]
],
"2": {
"T1": 1,
"T2": 1,
"T3": 0,
"T4": 1,
"T5": 1,
"T6": 1
},
"3": "/home/anona2/Documents/myproject2/automon/ThroughHoleGcode/SuperHAT_v13-Front/pythonSW/data/Gcode/snippet/Down-Solder-05-v10.gcode",
"4": "/home/anona2/Documents/myproject2/automon/ThroughHoleGcode/SuperHAT_v13-Front/pythonSW/data/Gcode/start/SuperHATv13-Start-top-sec2.gcode",
"5": "/home/anona2/Documents/myproject2/automon/ThroughHoleGcode/SuperHAT_v13-Front/pythonSW/data/Gcode/end/End-commands.gcode",
"6": "/home/anona2/Documents/myproject2/automon/ThroughHoleGcode/SuperHAT_v13-Front/pythonSW/data/drillfile/hydrosys4.drl",
"7": {
"rotation": 90,
"verticalflip": 0,
"horizontalflip": 0
}
}