{
"1": [
[
-5.193089925373135,
-1.8250932835820897,
-0.3023623134328366,
-5.176147388059702
],
[
-5.943519029850747,
-1.9156623134328359,
-5.309535820895523,
-4.335149253731343
]
],
"2": {
"T1": 1,
"T2": 1,
"T3": 0,
"T4": 1,
"T5": 1,
"T6": 1
},
"3": "/home/anona2/Documents/myproject2/automon/ThroughHoleGcode/SuperHAT_v13-Front/pythonSW/data/Gcode/snippet/Down-Solder-05-v10.gcode",
"4": "/home/anona2/Documents/myproject2/automon/ThroughHoleGcode/SuperHAT_v13-Front/pythonSW/data/Gcode/start/SuperHATv13-Start-top-sec1.gcode",
"5": "",
"6": "/home/anona2/Documents/myproject2/automon/ThroughHoleGcode/SuperHAT_v13-Front/pythonSW/data/drillfile/hydrosys4.drl",
"7": {
"rotation": 90,
"verticalflip": 0,
"horizontalflip": 0
}
}